,story_key,bertscore_precision,bertscore_precision,bertscore_precision,bertscore_recall,bertscore_recall,bertscore_f1,bertscore_f1,fact_presence_avg,fact_presence_avg
,,mean,std,count,mean,std,mean,std,mean,std
0,ai_regulation,0.03098607891704887,0.1378641767034469,50,0.24443755572661757,0.23589223450867944,0.13572793301660568,0.17331858006816345,0.36834864541888235,0.24768234086170507
1,climate,0.32966219566762445,0.17795984554369212,50,0.5200312426686287,0.22683047436046533,0.42310725539922717,0.1889983975612129,0.6957192061841488,0.1326208081656937
2,housing,0.2511159413307905,0.14551739511247538,50,0.5169954601675272,0.19996055989020825,0.3810145452618599,0.16198515422149837,0.7832427866011858,0.1586639496786461
3,tariffs,0.31744877994060516,0.15502357472555356,50,0.48096629440784455,0.19947907151863906,0.3979595518112183,0.16224275952241413,0.657595584988594,0.11608223938749289
4,vaccines,0.3167748435586691,0.1392729365755913,50,0.5984784285724163,0.15945647096993507,0.454301088526845,0.13884940182750352,0.7904899382591247,0.0828383319608513
